s_time,request_count
1970-01-01 00:00:00,1
1970-01-01 00:00:01,7
1970-01-01 00:00:02,8
1970-01-01 00:00:03,13
1970-01-01 00:00:04,10
1970-01-01 00:00:05,26
1970-01-01 00:00:06,18
1970-01-01 00:00:07,34
1970-01-01 00:00:08,63
1970-01-01 00:00:09,83
1970-01-01 00:00:10,84
1970-01-01 00:00:11,55
1970-01-01 00:00:12,63
1970-01-01 00:00:13,76
1970-01-01 00:00:14,44
1970-01-01 00:00:15,52
1970-01-01 00:00:16,106
1970-01-01 00:00:17,57
1970-01-01 00:00:18,58
1970-01-01 00:00:19,24
1970-01-01 00:00:20,60
1970-01-01 00:00:21,12
1970-01-01 00:00:22,29
1970-01-01 00:00:23,29
1970-01-01 00:00:24,82
1970-01-01 00:00:25,66
1970-01-01 00:00:26,112
1970-01-01 00:00:27,55
1970-01-01 00:00:28,55
1970-01-01 00:00:29,44
1970-01-01 00:00:30,62
1970-01-01 00:00:31,54
1970-01-01 00:00:32,30
1970-01-01 00:00:33,89
1970-01-01 00:00:34,76
1970-01-01 00:00:35,102
1970-01-01 00:00:36,102
1970-01-01 00:00:37,81
1970-01-01 00:00:38,16
1970-01-01 00:00:39,4
1970-01-01 00:00:40,4
1970-01-01 00:00:41,2
1970-01-01 00:00:42,8
1970-01-01 00:00:44,7
1970-01-01 00:00:45,1
1970-01-01 00:00:46,5
1970-01-01 00:00:47,7
1970-01-01 00:00:48,1
1970-01-01 00:00:49,9
1970-01-01 00:00:50,3
1970-01-01 00:00:52,9
1970-01-01 00:00:53,5
1970-01-01 00:00:54,3
1970-01-01 00:00:56,6
1970-01-01 00:00:57,5
1970-01-01 00:00:59,2
1970-01-01 00:01:00,2
1970-01-01 00:01:02,3
1970-01-01 00:01:03,3
1970-01-01 00:01:04,1
1970-01-01 00:01:05,12
1970-01-01 00:01:06,5
1970-01-01 00:01:07,1
1970-01-01 00:01:08,3
1970-01-01 00:01:09,10
1970-01-01 00:01:11,22
1970-01-01 00:01:12,16
1970-01-01 00:01:13,19
1970-01-01 00:01:14,36
1970-01-01 00:01:15,70
1970-01-01 00:01:16,68
1970-01-01 00:01:17,72
1970-01-01 00:01:18,90
1970-01-01 00:01:19,82
1970-01-01 00:01:20,68
1970-01-01 00:01:21,42
1970-01-01 00:01:22,67
1970-01-01 00:01:23,101
1970-01-01 00:01:24,58
1970-01-01 00:01:25,54
1970-01-01 00:01:26,37
1970-01-01 00:01:27,67
1970-01-01 00:01:28,16
1970-01-01 00:01:29,43
1970-01-01 00:01:30,25
1970-01-01 00:01:31,56
1970-01-01 00:01:32,71
1970-01-01 00:01:33,104
1970-01-01 00:01:34,55
1970-01-01 00:01:35,66
1970-01-01 00:01:36,43
1970-01-01 00:01:37,65
1970-01-01 00:01:38,39
1970-01-01 00:01:39,42
1970-01-01 00:01:40,98
1970-01-01 00:01:41,98
1970-01-01 00:01:42,92
1970-01-01 00:01:43,104
1970-01-01 00:01:44,60
1970-01-01 00:01:45,42
1970-01-01 00:01:46,44
1970-01-01 00:01:47,8
1970-01-01 00:01:48,22
1970-01-01 00:01:49,13
1970-01-01 00:01:50,42
1970-01-01 00:01:51,71
1970-01-01 00:01:52,77
1970-01-01 00:01:53,27
1970-01-01 00:01:54,35
1970-01-01 00:01:55,37
1970-01-01 00:01:56,64
1970-01-01 00:01:57,45
1970-01-01 00:01:58,47
1970-01-01 00:01:59,43
1970-01-01 00:02:00,9
1970-01-01 00:02:01,110
1970-01-01 00:02:02,58
1970-01-01 00:02:03,64
1970-01-01 00:02:04,49
1970-01-01 00:02:05,25
1970-01-01 00:02:06,45
1970-01-01 00:02:07,21
1970-01-01 00:02:08,35
1970-01-01 00:02:09,39
1970-01-01 00:02:10,57
1970-01-01 00:02:11,52
1970-01-01 00:02:12,19
1970-01-01 00:02:13,25
1970-01-01 00:02:14,46
1970-01-01 00:02:15,24
1970-01-01 00:02:16,36
1970-01-01 00:02:17,28
1970-01-01 00:02:18,18
1970-01-01 00:02:19,1
1970-01-01 00:02:20,94
1970-01-01 00:02:21,42
1970-01-01 00:02:22,9
1970-01-01 00:02:23,4
1970-01-01 00:02:24,24
1970-01-01 00:02:25,16
1970-01-01 00:02:26,44
1970-01-01 00:02:27,41
1970-01-01 00:02:28,2
1970-01-01 00:02:29,10
1970-01-01 00:02:30,43
1970-01-01 00:02:31,57
1970-01-01 00:02:32,37
1970-01-01 00:02:33,24
1970-01-01 00:02:42,2
1970-01-01 00:02:43,15
1970-01-01 00:02:44,50
1970-01-01 00:02:45,18
1970-01-01 00:02:46,2
1970-01-01 00:02:47,14
1970-01-01 00:02:48,43
1970-01-01 00:02:49,21
1970-01-01 00:02:50,49
1970-01-01 00:02:51,43
1970-01-01 00:02:52,46
1970-01-01 00:02:53,9
1970-01-01 00:02:54,33
1970-01-01 00:02:55,70
1970-01-01 00:02:56,55
1970-01-01 00:02:57,48
1970-01-01 00:02:58,44
1970-01-01 00:02:59,82
1970-01-01 00:03:00,78
1970-01-01 00:03:01,21
1970-01-01 00:03:02,14
1970-01-01 00:03:03,52
1970-01-01 00:03:04,29
1970-01-01 00:03:05,36
1970-01-01 00:03:06,62
1970-01-01 00:03:07,81
1970-01-01 00:03:08,52
1970-01-01 00:03:09,42
1970-01-01 00:03:10,96
1970-01-01 00:03:11,84
1970-01-01 00:03:12,46
1970-01-01 00:03:13,32
1970-01-01 00:03:14,28
1970-01-01 00:03:15,19
1970-01-01 00:03:16,47
1970-01-01 00:03:17,82
1970-01-01 00:03:18,90
1970-01-01 00:03:19,96
1970-01-01 00:03:20,76
1970-01-01 00:03:21,53
1970-01-01 00:03:22,56
1970-01-01 00:03:23,23
1970-01-01 00:03:24,17
1970-01-01 00:03:25,51
1970-01-01 00:03:26,57
1970-01-01 00:03:27,49
1970-01-01 00:03:28,25
1970-01-01 00:03:29,48
1970-01-01 00:03:30,47
1970-01-01 00:03:31,32
1970-01-01 00:03:32,26
1970-01-01 00:03:33,14
1970-01-01 00:03:34,11
1970-01-01 00:03:35,39
1970-01-01 00:03:36,18
1970-01-01 00:03:37,23
1970-01-01 00:03:38,7
1970-01-01 00:03:39,17
1970-01-01 00:03:40,6
1970-01-01 00:03:41,6
1970-01-01 00:03:42,7
1970-01-01 00:03:43,12
1970-01-01 00:03:44,16
1970-01-01 00:03:45,12
1970-01-01 00:03:46,12
1970-01-01 00:03:47,3
1970-01-01 00:03:49,3
1970-01-01 00:03:50,30
1970-01-01 00:03:51,8
1970-01-01 00:03:52,34
1970-01-01 00:03:53,23
1970-01-01 00:03:54,15
1970-01-01 00:03:55,24
1970-01-01 00:03:56,36
1970-01-01 00:03:57,44
1970-01-01 00:03:58,19
1970-01-01 00:03:59,21
1970-01-01 00:04:00,19
1970-01-01 00:04:01,65
1970-01-01 00:04:02,15
1970-01-01 00:04:03,54
1970-01-01 00:04:04,64
1970-01-01 00:04:05,57
1970-01-01 00:04:06,49
1970-01-01 00:04:07,53
1970-01-01 00:04:08,110
1970-01-01 00:04:09,85
1970-01-01 00:04:10,13
1970-01-01 00:04:11,27
1970-01-01 00:04:12,38
1970-01-01 00:04:13,29
1970-01-01 00:04:14,48
1970-01-01 00:04:15,97
1970-01-01 00:04:16,69
1970-01-01 00:04:17,76
1970-01-01 00:04:18,90
1970-01-01 00:04:19,48
1970-01-01 00:04:20,25
1970-01-01 00:04:21,26
1970-01-01 00:04:22,35
1970-01-01 00:04:23,60
1970-01-01 00:04:24,34
1970-01-01 00:04:25,37
1970-01-01 00:04:26,22
1970-01-01 00:04:27,64
1970-01-01 00:04:28,27
1970-01-01 00:04:29,39
1970-01-01 00:04:30,25
1970-01-01 00:04:31,3
1970-01-01 00:04:32,26
1970-01-01 00:04:33,34
1970-01-01 00:04:34,26
1970-01-01 00:04:35,8
1970-01-01 00:04:36,12
1970-01-01 00:04:37,17
1970-01-01 00:04:38,1
1970-01-01 00:04:39,13
1970-01-01 00:04:40,10
1970-01-01 00:04:41,6
1970-01-01 00:04:42,3
1970-01-01 00:04:43,13
1970-01-01 00:04:44,5
1970-01-01 00:04:45,3
1970-01-01 00:04:46,1
1970-01-01 00:04:47,19
1970-01-01 00:04:48,25
1970-01-01 00:04:49,23
1970-01-01 00:04:50,38
1970-01-01 00:04:51,13
1970-01-01 00:04:52,21
1970-01-01 00:04:53,48
1970-01-01 00:04:54,46
1970-01-01 00:04:55,34
1970-01-01 00:04:56,12
1970-01-01 00:04:57,11
1970-01-01 00:04:59,7
